﻿<?xml version="1.0" encoding="utf-8" ?>
<IncidentDefs>

	<IncidentDef>
		<defName>LeaderElection</defName>
		<label>LeaderElection</label>
		<targetType>MapPlayerHome</targetType>
			<category>Misc</category>
		<workerClass>Nandonalt_ColonyLeadership.IncidentWorker_LeaderElection</workerClass>
		 <baseChance>0</baseChance>
	</IncidentDef>
	
		<IncidentDef>
		<defName>RebellionL</defName>
		<label>Rebellion</label>
		<targetType>MapPlayerHome</targetType>
			<category>Misc</category>
		<workerClass>Nandonalt_ColonyLeadership.IncidentWorker_Rebellion</workerClass>
		 <baseChance>0</baseChance>
	</IncidentDef>
	
</IncidentDefs>