﻿<?xml version="1.0" encoding="utf-8" ?>
<Defs>

  <!-- Special mental states not from mental breaks -->

  <MentalStateDef ParentName="BaseMentalState">
    <defName>Rebelling</defName>
    <label>Rebelling</label>
    <stateClass>Nandonalt_ColonyLeadership.MentalState_Rebelling</stateClass>
    <category>Indulgent</category>
    <minTicksBeforeRecovery>15000</minTicksBeforeRecovery>
    <recoveryMtbDays>0.2</recoveryMtbDays>
    <blockNormalThoughts>true</blockNormalThoughts>
    <nameColor>(0.85, 0.64, 0.12)</nameColor>
    <recoveryMessage>{0} is no longer rebelling.</recoveryMessage>
    <baseInspectLine>Rebelling against leader.</baseInspectLine>
    <unspawnedCanDo>false</unspawnedCanDo>
  </MentalStateDef>

</Defs>