﻿<?xml version="1.0" encoding="utf-8" ?>
<Defs>


  <JobDef>
    <defName>ArrestLeader</defName>
    <driverClass>Nandonalt_ColonyLeadership.JobArrestLeader</driverClass>
    <reportString>arresting leader TargetA.</reportString>
    <alwaysShowWeapon>true</alwaysShowWeapon>
    <makeTargetPrisoner>true</makeTargetPrisoner>
    <casualInterruptible>false</casualInterruptible>
  </JobDef>  
  
  
    <JoyKindDef>
    <defName>LearningJ</defName>
    <label>Learn</label>
  </JoyKindDef>

  
       <JobDef>
        <defName>TeachLesson</defName>
        <driverClass>Nandonalt_ColonyLeadership.Job_Teach</driverClass>
        <reportString>teaching.</reportString>
        <joyDuration>1600</joyDuration>
        <joyGainRate>2</joyGainRate>
        <joyMaxParticipants>20</joyMaxParticipants>
        <joyKind>LearningJ</joyKind>
    </JobDef>

    <JobDef>
        <defName>AttendLesson</defName>
        <driverClass>Nandonalt_ColonyLeadership.Job_Learn</driverClass>
        <reportString>attending a lesson.</reportString>
        <joyDuration>250</joyDuration>
        <joyGainRate>1</joyGainRate>
        <joyMaxParticipants>20</joyMaxParticipants>
        <joyKind>LearningJ</joyKind>
    </JobDef>

  
</Defs>