﻿<?xml version="1.0" encoding="utf-8" ?>
<Defs>

  <HediffDef Name="LeaderBase" Abstract="True">
    <hediffClass>Nandonalt_ColonyLeadership.HediffLeader</hediffClass>
     <defaultLabelColor>(0.0, 0.8, 0.0)</defaultLabelColor>
    <initialSeverity>0.001</initialSeverity>
		<isBad>false</isBad>
  </HediffDef>
  
    <HediffDef ParentName="LeaderBase">
    <defName>leaderExpired</defName>
    <label>Ex-Leader</label>
	 </HediffDef>
  
  
  <HediffDef ParentName="LeaderBase">
    <defName>leader1</defName>
    <label>Leader - Botanist</label>
		<causesNeed>LeaderLevel</causesNeed>
    <stages>
	
      <li>
	   <minSeverity>0.00</minSeverity>
         <label>Level 1</label>
         <statOffsets>		
		  <TradePriceImprovement>+0.05</TradePriceImprovement>
		   <RecruitPrisonerChance>+0.05</RecruitPrisonerChance>
		  <GiftImpact>+0.10</GiftImpact>		  
          <PlantWorkSpeed>+0.05</PlantWorkSpeed>
		  <FoodPoisonChance>-0.05</FoodPoisonChance>
		  <PlantHarvestYield>+0.05</PlantHarvestYield>
		  <MedicalTendQuality>+0.05</MedicalTendQuality>
		  <TameAnimalChance>+0.05</TameAnimalChance>
		 <ImmunityGainSpeed>+0.05</ImmunityGainSpeed>		  
        </statOffsets>
      </li>
	  
	      <li>
	   <minSeverity>0.34</minSeverity>
        <label>Level 2</label>
          <statOffsets>
		  <TradePriceImprovement>+0.10</TradePriceImprovement>
		  <RecruitPrisonerChance>+0.10</RecruitPrisonerChance>
		  <GiftImpact>+0.20</GiftImpact>		  
          <PlantWorkSpeed>+0.15</PlantWorkSpeed>
		  <FoodPoisonChance>-0.15</FoodPoisonChance>
		  <PlantHarvestYield>+0.15</PlantHarvestYield>
		  <MedicalTendQuality>+0.15</MedicalTendQuality>
		  <TameAnimalChance>+0.2</TameAnimalChance>
		 <ImmunityGainSpeed>+0.15</ImmunityGainSpeed>		  
        </statOffsets>
      </li>
	  
	   <li>
	   <minSeverity>0.67</minSeverity>
        <label>Level 3</label>
          <statOffsets>
		   <TradePriceImprovement>+0.15</TradePriceImprovement>
		  <RecruitPrisonerChance>+0.15</RecruitPrisonerChance>
		  <GiftImpact>+0.30</GiftImpact>  		  
          <PlantWorkSpeed>+0.35</PlantWorkSpeed>
		  <FoodPoisonChance>-0.30</FoodPoisonChance>
		  <PlantHarvestYield>+0.30</PlantHarvestYield>
		  <MedicalTendQuality>+0.30</MedicalTendQuality>
		  <TameAnimalChance>+0.35</TameAnimalChance>
		 <ImmunityGainSpeed>+0.3</ImmunityGainSpeed>		  
        </statOffsets>
      </li>
    </stages>
  </HediffDef>
  
  
  
  
    <HediffDef ParentName="LeaderBase">
    <defName>leader2</defName>
    <label>Leader - Warrior</label>
	<causesNeed>LeaderLevel</causesNeed>
    <stages>
      <li>
	  	 <minSeverity>0.00</minSeverity>
         <label>Level 1</label>
          <statOffsets>
	
	  <TradePriceImprovement>+0.05</TradePriceImprovement>
		   <RecruitPrisonerChance>+0.05</RecruitPrisonerChance>
		  <GiftImpact>+0.10</GiftImpact>
		  
  <MoveSpeed>+0.10</MoveSpeed>
		  <ShootingAccuracy>+0.1</ShootingAccuracy>
		  <MeleeHitChance>+0.05</MeleeHitChance>
		  <MeleeWeapon_Cooldown>-0.05</MeleeWeapon_Cooldown>
		  <MedicalTendQualityOffset>+0.05</MedicalTendQualityOffset>
          </statOffsets>
      </li>
	  
	    <li>
        <minSeverity>0.34</minSeverity>
        <label>Level 2</label>
          <statOffsets>
		   <TradePriceImprovement>+0.10</TradePriceImprovement>
		  <RecruitPrisonerChance>+0.10</RecruitPrisonerChance>
		  <GiftImpact>+0.20</GiftImpact>
          <MoveSpeed>+0.20</MoveSpeed>
		  <ShootingAccuracy>+0.2</ShootingAccuracy>
		  <MeleeHitChance>+0.15</MeleeHitChance>
		  <MeleeWeapon_Cooldown>-0.10</MeleeWeapon_Cooldown>
		  <MedicalTendQualityOffset>+0.10</MedicalTendQualityOffset>
          </statOffsets>
      </li>
	  
	  <li>
        <minSeverity>0.67</minSeverity>
        <label>Level 3</label>
          <statOffsets>
		     <TradePriceImprovement>+0.15</TradePriceImprovement>
		  <RecruitPrisonerChance>+0.15</RecruitPrisonerChance>
		  <GiftImpact>+0.30</GiftImpact>		  
          <MoveSpeed>+0.35</MoveSpeed>
		  <ShootingAccuracy>+0.35</ShootingAccuracy>
		  <MeleeHitChance>+0.30</MeleeHitChance>
		  <MeleeWeapon_Cooldown>-0.30</MeleeWeapon_Cooldown>
		  <MedicalTendQualityOffset>+0.25</MedicalTendQualityOffset>
          </statOffsets>
      </li>
	  
    </stages>
  </HediffDef>
  
      <HediffDef ParentName="LeaderBase">
    <defName>leader3</defName>
    <label>Leader - Carpenter</label>
		<causesNeed>LeaderLevel</causesNeed>
      <stages>
      <li>
        
          <minSeverity>0.00</minSeverity>
         <label>Level 1</label>
         <statOffsets>		 
	  <TradePriceImprovement>+0.05</TradePriceImprovement>
		   <RecruitPrisonerChance>+0.05</RecruitPrisonerChance>
		  <GiftImpact>+0.10</GiftImpact>
              <ConstructSuccessChance>+0.05</ConstructSuccessChance>
		  <ConstructionSpeed>+0.10</ConstructionSpeed>
		  <WorkSpeedGlobal>+0.10</WorkSpeedGlobal>
		  <MiningSpeed>+0.1</MiningSpeed>
          </statOffsets>
      </li>
	  
	     <li>
       <minSeverity>0.34</minSeverity>
        <label>Level 2</label>
          <statOffsets>
		   <TradePriceImprovement>+0.10</TradePriceImprovement>
		  <RecruitPrisonerChance>+0.10</RecruitPrisonerChance>
		  <GiftImpact>+0.20</GiftImpact>
          <ConstructSuccessChance>+0.15</ConstructSuccessChance>
		  <ConstructionSpeed>+0.25</ConstructionSpeed>
		  <WorkSpeedGlobal>+0.20</WorkSpeedGlobal>
		  <MiningSpeed>+0.2</MiningSpeed>
          </statOffsets>
      </li>
	  
	    <li>
       <minSeverity>0.67</minSeverity>
        <label>Level 3</label>
          <statOffsets>
		  <TradePriceImprovement>+0.15</TradePriceImprovement>
		  <RecruitPrisonerChance>+0.15</RecruitPrisonerChance>
		  <GiftImpact>+0.30</GiftImpact>	
          <ConstructSuccessChance>+0.30</ConstructSuccessChance>
		  <ConstructionSpeed>+0.40</ConstructionSpeed>
		  <WorkSpeedGlobal>+0.35</WorkSpeedGlobal>
		  <MiningSpeed>+0.35</MiningSpeed>
          </statOffsets>
      </li>
    </stages>
  </HediffDef>
  
        <HediffDef ParentName="LeaderBase">
    <defName>leader4</defName>
    <label>Leader - Scientist</label>
		<causesNeed>LeaderLevel</causesNeed>
    <stages>
      <li>
       
           <minSeverity>0.00</minSeverity>
         <label>Level 1</label>
         <statOffsets>	
		   <TradePriceImprovement>+0.05</TradePriceImprovement>
		   <RecruitPrisonerChance>+0.05</RecruitPrisonerChance>
		  <GiftImpact>+0.10</GiftImpact>
          <ResearchSpeed>+0.10</ResearchSpeed>
		  <PsychicSensitivity>-0.1</PsychicSensitivity>
		  <MedicalSurgerySuccessChance>+0.05</MedicalSurgerySuccessChance>
		  <TrainAnimalChance>+0.05</TrainAnimalChance>
		  <GlobalLearningFactor>+0.1</GlobalLearningFactor>
          </statOffsets>
      </li>
	  
	   <li>
     <minSeverity>0.33</minSeverity>
        <label>Level 2</label>
          <statOffsets>
		     <TradePriceImprovement>+0.10</TradePriceImprovement>
		  <RecruitPrisonerChance>+0.10</RecruitPrisonerChance>
		  <GiftImpact>+0.20</GiftImpact>
          <ResearchSpeed>+0.20</ResearchSpeed>
		  <PsychicSensitivity>-0.2</PsychicSensitivity>
		  <MedicalSurgerySuccessChance>+0.15</MedicalSurgerySuccessChance>
		  <TrainAnimalChance>+0.15</TrainAnimalChance>
		  <GlobalLearningFactor>+0.2</GlobalLearningFactor>
          </statOffsets>
      </li>
	  
	   <li>
     <minSeverity>0.67</minSeverity>
        <label>Level 3</label>
          <statOffsets>
		    <TradePriceImprovement>+0.15</TradePriceImprovement>
		  <RecruitPrisonerChance>+0.15</RecruitPrisonerChance>
		  <GiftImpact>+0.30</GiftImpact>	
          <ResearchSpeed>+0.35</ResearchSpeed>
		  <PsychicSensitivity>-0.40</PsychicSensitivity>
		  <MedicalSurgerySuccessChance>+0.3</MedicalSurgerySuccessChance>
		  <TrainAnimalChance>+0.35</TrainAnimalChance>
		  <GlobalLearningFactor>+0.35</GlobalLearningFactor>
          </statOffsets>
      </li>
    </stages>
  </HediffDef>



</Defs>