﻿<?xml version="1.0" encoding="utf-8" ?>
<ThinkTrees>

  <!--============= Main colonist behavior core ============-->
  
  <ThinkTreeDef>
    <defName>MentalStateRebelling</defName>
	<insertTag>Humanlike_PostMentalState</insertTag>
    <insertPriority>100</insertPriority>
    <thinkRoot Class="ThinkNode_Priority">
      <subNodes>
          
        <!-- Fire starting spree -->
        <li Class="ThinkNode_ConditionalMentalState">
          <state>Rebelling</state>
          <subNodes>
            <li Class="Nandonalt_ColonyLeadership.JobGiver_Rebellion"></li>
          </subNodes>
        </li>
        
      </subNodes>
    </thinkRoot>
  </ThinkTreeDef>
 


</ThinkTrees>